1	v1	16b527ba-9c1e-4259-9e56-d8d900e4adc9	xreq_12edd3d1-9c09-4070-ab69-9add70c8903a
1	v2	532ce206-9e01-4adc-997f-944a3e25fa70	xreq_9a6618bf-8410-4da2-b756-4d35f934723b
1	v3	331786ae-f185-4195-a742-e3b0c76f09c4	xreq_b3ee0bc4-8d07-4267-859e-a2980d379105
1	v4	afc90a7c-0e2f-4137-9b86-0f2a4b85f93c	xreq_c598b8ee-9567-4191-aa99-64d5f84bfcd5
1	v5	7c4cb5f5-fe8f-4cfe-8dd5-0f042838384d	xreq_9643b342-bf35-4acc-a5ab-41d3f74c245c
2	v1	16b527ba-9c1e-4259-9e56-d8d900e4adc9	xreq_193df52f-986c-4f81-a6eb-e0571ff23b9b
2	v2	532ce206-9e01-4adc-997f-944a3e25fa70	xreq_2649b92d-8c38-484b-a99b-be15efd42300
2	v3	331786ae-f185-4195-a742-e3b0c76f09c4	xreq_85a2dbfc-8954-4e01-8307-16f1b94cb314
2	v4	afc90a7c-0e2f-4137-9b86-0f2a4b85f93c	xreq_82c029d0-8b02-48b1-8683-6634e76b0e0d
2	v5	7c4cb5f5-fe8f-4cfe-8dd5-0f042838384d	xreq_f1f3c616-3a63-4bd8-848a-8f9116590434
2	v7	a631e92c-fc75-42a8-966a-664776fa4cc7	xreq_28d95f28-edf8-4da0-8b7e-0f5028d1b974
3	v7b	a631e92c-fc75-42a8-966a-664776fa4cc7	xreq_89707eeb-a432-46d9-8850-96829ae22144
3	rot-luna	ecf9a8f0-98b6-4837-865c-6dfacc31a012	xreq_3f80c188-5bb6-4b20-a39a-a5dd425a27d6
3	rot-deepseek	d0e683df-2efc-4b93-b542-e2dd39269815	xreq_ab91138c-4346-422e-bb33-c0c9ec506dff
3	rot-gemini	2d9d5e0a-37fe-47c8-ac8a-24f08111c3e7	xreq_8feede4b-fad0-49df-bd9a-794c7d9b1914
3	rot-talleyrand-glm	f6bac0c6-7651-4f8b-986b-c215f66eaee9	xreq_4c6e9d82-54e1-4600-abd8-f4a060a0cfb7
3	rot-bismarck-glm	e4938fc3-63ae-494b-81d0-7b6977580587	xreq_23970a85-dd74-4bf8-a997-42d17ac23de5
